sumber,teks,url,tanggal_ambil
posts,"Intro
Informasi seputar Pemerintah Kabupaten Gresik
Halaman · Organisasi Pemerintah
Kabupaten Gresik, Jawa Timur
(031) 3992870
diskominfo@gresikkab.go.id
gresikkab.go.id
Sekarang Tutup
Belum dinilai (2 Ulasan)﻿",,2026-07-28 19:10
posts,"Pemerintah Kabupaten Gresik
2 Mei 2023
 
·
Dalam KTT ASEAN yang berlangsung di Kamboja pada 13 November 2022, Indonesia mendapatkan mandat untuk memegang Chairmanship ASEAN 2023.… Lihat selengkapnya
Semua tanggapan:
5
3
Suka
Komentari",https://www.facebook.com/pemkabgresik/posts/pfbid022YhsDreFfLQ9UyYbTxHfAYrwsaufKLdVcTYwWwjRJ23CBw9ohFZSSn76oeAMWd17l?__cft__[0]=AZaFDWHPRblwQVqCbMSwSIOI72vLiZv0kKcJax6k2zHG7n6Hhuy5_P5hRg5_-taUP2LjqG05Sk7-P9NSKiSmPM2D7CKOxXf8B46dDNR-TSmpt4n4gpWotum5hq0m2429j604z7WofeEaU-8vngrqWTNimXAY4f2SvC4mFsGc2V3y3O9qGk5HwHH8i0NHWiiRvi0&__tn__=%2CO%2CP-R,2026-07-28 19:10
posts,"Pemerintah Kabupaten Gresik
2 Mei 2023
 
·",https://www.facebook.com/pemkabgresik/posts/pfbid022YhsDreFfLQ9UyYbTxHfAYrwsaufKLdVcTYwWwjRJ23CBw9ohFZSSn76oeAMWd17l?__cft__[0]=AZaFDWHPRblwQVqCbMSwSIOI72vLiZv0kKcJax6k2zHG7n6Hhuy5_P5hRg5_-taUP2LjqG05Sk7-P9NSKiSmPM2D7CKOxXf8B46dDNR-TSmpt4n4gpWotum5hq0m2429j604z7WofeEaU-8vngrqWTNimXAY4f2SvC4mFsGc2V3y3O9qGk5HwHH8i0NHWiiRvi0&__tn__=%2CO%2CP-R,2026-07-28 19:10
posts,Pemerintah Kabupaten Gresik,,2026-07-28 19:10
posts,"Intro
Halaman · Situs Web Berita & Media
diskominfo.gresikkab.go.id
Belum dinilai (0 Ulasan)﻿",,2026-07-28 19:15
posts,"Kominfo Gresik
5 November 2020
 
·
Lima  pembangkit PT Pembangkitan Jawa -Bali (PJB) meraih nilai tertinggi dalam seleksi penghargaan Keselamatan Ketenagalistrikan (K2) 2020. Seleksi yang diselenggarakan… Lihat selengkapnya
KOMINFO.JATIMPROV.GO.ID
Lima Pembangkit PJB Raih Penghargaan K2 2020 | Dinas Komunikasi dan Informatika Provinsi Jawa Timur
Dikelola Oleh Dinas Komunikasi dan Informatika Pemerintah Provinsi Jawa Timur Jl. A. Yani 242 - 244, Surabaya. Telp (031) 8294608, Fax (031)8294517
Suka
Komentari
Bagikan",https://www.facebook.com/kominfogresik/posts/pfbid02Vj9r1NEzgBiqaWAo8b7Jwj6wmVxUBTyLP9KeviLHA14kxwJ3bgEL8dFZzSCHPYeql?__cft__[0]=AZZJdsepUpQg4XJrRERAe-8x5YyvSf16yqVVrKnsCs0WgyLT5GKU3q-N8by3EyHHObN4aRCpgOGJn4o4uzYvFzEi_uGNdeDOfgdfP5fn45Yu8DBg_eOC7tQvRYSybBQUWv8QrM0qXq94jI4jGfK01oE-D5CCN05nxetuDzqLUPXvEuLdUv81oFzHAoO4Nag54hs&__tn__=%2CO%2CP-R,2026-07-28 19:15
posts,"Kominfo Gresik
5 November 2020
 
·",https://www.facebook.com/kominfogresik/posts/pfbid02Vj9r1NEzgBiqaWAo8b7Jwj6wmVxUBTyLP9KeviLHA14kxwJ3bgEL8dFZzSCHPYeql?__cft__[0]=AZZJdsepUpQg4XJrRERAe-8x5YyvSf16yqVVrKnsCs0WgyLT5GKU3q-N8by3EyHHObN4aRCpgOGJn4o4uzYvFzEi_uGNdeDOfgdfP5fn45Yu8DBg_eOC7tQvRYSybBQUWv8QrM0qXq94jI4jGfK01oE-D5CCN05nxetuDzqLUPXvEuLdUv81oFzHAoO4Nag54hs&__tn__=%2CO%2CP-R,2026-07-28 19:15
posts,"Lima  pembangkit PT Pembangkitan Jawa -Bali (PJB) meraih nilai tertinggi dalam seleksi penghargaan Keselamatan Ketenagalistrikan (K2) 2020. Seleksi yang diselenggarakan… Lihat selengkapnya
KOMINFO.JATIMPROV.GO.ID
Lima Pembangkit PJB Raih Penghargaan K2 2020 | Dinas Komunikasi dan Informatika Provinsi Jawa Timur
Dikelola Oleh Dinas Komunikasi dan Informatika Pemerintah Provinsi Jawa Timur Jl. A. Yani 242 - 244, Surabaya. Telp (031) 8294608, Fax (031)8294517",,2026-07-28 19:15
posts,Lima  pembangkit PT Pembangkitan Jawa -Bali (PJB) meraih nilai tertinggi dalam seleksi penghargaan Keselamatan Ketenagalistrikan (K2) 2020. Seleksi yang diselenggarakan… Lihat selengkapnya,,2026-07-28 19:15
