keyword,shortcode,link_postingan,teks_asli,teks_bersih,sentimen,skor,topik
Gresik,DNf8njKpBk-,https://www.instagram.com/p/DNf8njKpBk-/,sorot.gresik,sorotgresik,netral,0.967,umum
Gresik,DNf8njKpBk-,https://www.instagram.com/p/DNf8njKpBk-/,ryo.1389,ryo1389,netral,0.868,umum
Gresik,DNf8njKpBk-,https://www.instagram.com/p/DNf8njKpBk-/,moi_moi909,moi_moi909,netral,0.988,umum
Gresik,DNf8njKpBk-,https://www.instagram.com/p/DNf8njKpBk-/,kripikusus_gresik,kripikusus_gresik,netral,0.983,umum
Gresik,DNf8njKpBk-,https://www.instagram.com/p/DNf8njKpBk-/,t39uh_54putr4,t39uh_54putr4,netral,0.987,umum
Gresik,DNf8njKpBk-,https://www.instagram.com/p/DNf8njKpBk-/,muhamad_taufiq_zein,muhamad_taufiq_zein,netral,0.991,umum
Gresik,DNf8njKpBk-,https://www.instagram.com/p/DNf8njKpBk-/,niiand_,niiand_,positif,0.7,umum
Gresik,DNf8njKpBk-,https://www.instagram.com/p/DNf8njKpBk-/,diray_dipantara,diray_dipantara,netral,0.987,umum
Gresik,DbLq2lfmY4H,https://www.instagram.com/p/DbLq2lfmY4H/,bugurusayanggggg,bugurusayanggggg,positif,0.679,umum
Gresik,DbLq2lfmY4H,https://www.instagram.com/p/DbLq2lfmY4H/,idayatagunghi,idayatagunghi,positif,0.816,umum
Gresik,DbLq2lfmY4H,https://www.instagram.com/p/DbLq2lfmY4H/,muhammad_akhsanull_aam,muhammad_akhsanull_aam,netral,0.971,umum
Gresik,DbLq2lfmY4H,https://www.instagram.com/p/DbLq2lfmY4H/,din_story42,din_story42,netral,0.967,umum
Gresik,DbLq2lfmY4H,https://www.instagram.com/p/DbLq2lfmY4H/,mifta_kotak,mifta_kotak,netral,0.989,umum
Gresik,DbLq2lfmY4H,https://www.instagram.com/p/DbLq2lfmY4H/,wisnuzibanie,wisnuzibanie,netral,0.773,umum
Gresik,DbLq2lfmY4H,https://www.instagram.com/p/DbLq2lfmY4H/,ridwan_songosiji,ridwan_songosiji,negatif,0.982,umum
Gresik,DbLq2lfmY4H,https://www.instagram.com/p/DbLq2lfmY4H/,vincentp4977,vincentp4977,netral,0.903,umum
Gresik,DbLq2lfmY4H,https://www.instagram.com/p/DbLq2lfmY4H/,msdanipradana,msdanipradana,netral,0.578,umum
Gresik,DbLq2lfmY4H,https://www.instagram.com/p/DbLq2lfmY4H/,noe.rockman,noerockman,positif,0.816,umum
Gresik,DbLq2lfmY4H,https://www.instagram.com/p/DbLq2lfmY4H/,uawalludin796,uawalludin796,netral,0.936,umum
Gresik,DbLq2lfmY4H,https://www.instagram.com/p/DbLq2lfmY4H/,th0r200,th0r200,netral,0.686,umum
Gresik,DbLq2lfmY4H,https://www.instagram.com/p/DbLq2lfmY4H/,syahidintunduh,syahidintunduh,positif,0.85,umum
Gresik,DbLq2lfmY4H,https://www.instagram.com/p/DbLq2lfmY4H/,mas.unyil01,masunyil01,netral,0.856,umum
Gresik,DbLq2lfmY4H,https://www.instagram.com/p/DbLq2lfmY4H/,vhey929,vhey929,netral,0.84,umum
Gresik,DbLq2lfmY4H,https://www.instagram.com/p/DbLq2lfmY4H/,dahlnsah,dahlnsah,negatif,0.942,umum
Gresik,DZKY-y8vrZy,https://www.instagram.com/p/DZKY-y8vrZy/,gresik_info_loker,gresik_info_loker,netral,0.997,umum
Gresik,DZKY-y8vrZy,https://www.instagram.com/p/DZKY-y8vrZy/,solehamutiaratasbih,solehamutiaratasbih,positif,0.897,umum
Gresik,DZKY-y8vrZy,https://www.instagram.com/p/DZKY-y8vrZy/,ning_idayu,ning_idayu,netral,0.831,umum
Gresik,DZKY-y8vrZy,https://www.instagram.com/p/DZKY-y8vrZy/,aliyahrahmawati5,aliyahrahmawati5,netral,0.753,umum
Gresik,DZKY-y8vrZy,https://www.instagram.com/p/DZKY-y8vrZy/,itemdongker,itemdongker,negatif,0.963,umum
Gresik,DZKY-y8vrZy,https://www.instagram.com/p/DZKY-y8vrZy/,zalitha_food,zalitha_food,netral,0.954,umum
Gresik,DZKY-y8vrZy,https://www.instagram.com/p/DZKY-y8vrZy/,nihayatulkhijjah,nihayatulkhijjah,negatif,0.545,umum
Gresik,DZKY-y8vrZy,https://www.instagram.com/p/DZKY-y8vrZy/,diwa.arpsh,diwaarpsh,positif,0.9,umum
Gresik,DZKY-y8vrZy,https://www.instagram.com/p/DZKY-y8vrZy/,fuuulaaann,fuuulaaann,positif,0.989,umum
Gresik,DZKY-y8vrZy,https://www.instagram.com/p/DZKY-y8vrZy/,praz_813,praz_813,netral,0.983,umum
Gresik,DZKY-y8vrZy,https://www.instagram.com/p/DZKY-y8vrZy/,ratnanurulh,ratnanurulh,netral,0.804,umum
Gresik,DZKY-y8vrZy,https://www.instagram.com/p/DZKY-y8vrZy/,ambartorro,ambartorro,positif,0.531,umum
Gresik,DZKY-y8vrZy,https://www.instagram.com/p/DZKY-y8vrZy/,xptrsn,xptrsn,positif,0.524,umum
Gresik,DZKY-y8vrZy,https://www.instagram.com/p/DZKY-y8vrZy/,mas.ruhul,masruhul,negatif,0.573,umum
Gresik,DZKY-y8vrZy,https://www.instagram.com/p/DZKY-y8vrZy/,agusribowo185,agusribowo185,netral,0.98,umum
Gresik,DZKY-y8vrZy,https://www.instagram.com/p/DZKY-y8vrZy/,farhanbukanroyhan,farhanbukanroyhan,netral,0.933,umum
Gresik,DZKY-y8vrZy,https://www.instagram.com/p/DZKY-y8vrZy/,purtieca,purtieca,positif,0.739,umum
Gresik,DZKY-y8vrZy,https://www.instagram.com/p/DZKY-y8vrZy/,iimassap,iimassap,positif,0.781,umum
Gresik,DSmhic7Eo0c,https://www.instagram.com/p/DSmhic7Eo0c/,shellacrs_makeup,shellacrs_makeup,netral,0.978,umum
Gresik,DV0KdUFk8Ip,https://www.instagram.com/p/DV0KdUFk8Ip/,grsk24jam,grsk24jam,netral,0.889,umum
Gresik,DV0KdUFk8Ip,https://www.instagram.com/p/DV0KdUFk8Ip/,wahyu_monochrome,wahyu_monochrome,netral,0.993,umum
Gresik,DV0KdUFk8Ip,https://www.instagram.com/p/DV0KdUFk8Ip/,akhmadziqi,akhmadziqi,netral,0.524,umum
Gresik,DV0KdUFk8Ip,https://www.instagram.com/p/DV0KdUFk8Ip/,enamtigax__,enamtigax__,netral,0.516,umum
Gresik,DV0KdUFk8Ip,https://www.instagram.com/p/DV0KdUFk8Ip/,barron.santorino__,barronsantorino__,netral,0.735,umum
Gresik,DV0KdUFk8Ip,https://www.instagram.com/p/DV0KdUFk8Ip/,nrsbdsnts_,nrsbdsnts_,netral,0.954,umum
Gresik,DV0KdUFk8Ip,https://www.instagram.com/p/DV0KdUFk8Ip/,bayu_bogang,bayu_bogang,netral,0.982,umum
Gresik,DV0KdUFk8Ip,https://www.instagram.com/p/DV0KdUFk8Ip/,kicky_novarinsh,kicky_novarinsh,netral,0.991,umum
Gresik,DV0KdUFk8Ip,https://www.instagram.com/p/DV0KdUFk8Ip/,maz_luck89,maz_luck89,netral,0.692,umum
Gresik,DV0KdUFk8Ip,https://www.instagram.com/p/DV0KdUFk8Ip/,agrominafood,agrominafood,netral,0.54,umum
Gresik,DV0KdUFk8Ip,https://www.instagram.com/p/DV0KdUFk8Ip/,rofiqainur2211,rofiqainur2211,netral,0.88,umum
Gresik,DV0KdUFk8Ip,https://www.instagram.com/p/DV0KdUFk8Ip/,_diaaaaazzz,_diaaaaazzz,positif,0.97,umum
Gresik,DV0KdUFk8Ip,https://www.instagram.com/p/DV0KdUFk8Ip/,yoppi_eka_saputra,yoppi_eka_saputra,netral,0.992,umum
Gresik,DV0KdUFk8Ip,https://www.instagram.com/p/DV0KdUFk8Ip/,aldiwssnoo,aldiwssnoo,positif,0.529,umum
Gresik,DV0KdUFk8Ip,https://www.instagram.com/p/DV0KdUFk8Ip/,adp_88,adp_88,netral,0.973,umum
Gresik,DV0KdUFk8Ip,https://www.instagram.com/p/DV0KdUFk8Ip/,nadhif_dhif,nadhif_dhif,netral,0.982,umum
Gresik,DV0KdUFk8Ip,https://www.instagram.com/p/DV0KdUFk8Ip/,tiodwprs_,tiodwprs_,netral,0.766,umum
Gresik,DV0KdUFk8Ip,https://www.instagram.com/p/DV0KdUFk8Ip/,fariza_angga,fariza_angga,netral,0.974,umum
Gresik,DV0KdUFk8Ip,https://www.instagram.com/p/DV0KdUFk8Ip/,amiiierr_02,amiiierr_02,positif,0.957,umum
Gresik,DakpaiRhn8_,https://www.instagram.com/p/DakpaiRhn8_/,flyscii,flyscii,positif,0.894,umum
Gresik,DakpaiRhn8_,https://www.instagram.com/p/DakpaiRhn8_/,your_mine.zxcy,your_minezxcy,netral,0.99,umum
Gresik,DakpaiRhn8_,https://www.instagram.com/p/DakpaiRhn8_/,renitaa_na,renitaa_na,netral,0.949,umum
Gresik,DakpaiRhn8_,https://www.instagram.com/p/DakpaiRhn8_/,exnaayv04,exnaayv04,netral,0.95,umum
Gresik,DakpaiRhn8_,https://www.instagram.com/p/DakpaiRhn8_/,h4nnvvip__,h4nnvvip__,netral,0.66,umum
Gresik,DakpaiRhn8_,https://www.instagram.com/p/DakpaiRhn8_/,princessworld2051,princessworld2051,netral,0.97,umum
Gresik,DakpaiRhn8_,https://www.instagram.com/p/DakpaiRhn8_/,acc.ninull,accninull,positif,0.877,umum
Gresik,DakpaiRhn8_,https://www.instagram.com/p/DakpaiRhn8_/,skskiiaaa,skskiiaaa,negatif,0.98,umum
Gresik,DakpaiRhn8_,https://www.instagram.com/p/DakpaiRhn8_/,pwetty_ais,pwetty_ais,netral,0.605,umum
Gresik,DakpaiRhn8_,https://www.instagram.com/p/DakpaiRhn8_/,pr3tyy_anaa,pr3tyy_anaa,netral,0.981,umum
Gresik,DakpaiRhn8_,https://www.instagram.com/p/DakpaiRhn8_/,enjelnjell.02,enjelnjell02,positif,0.512,umum
Gresik,DWxJSNmE_b-,https://www.instagram.com/p/DWxJSNmE_b-/,infoduduksampeyan,infoduduksampeyan,netral,0.975,umum
Gresik,DWxJSNmE_b-,https://www.instagram.com/p/DWxJSNmE_b-/,cayyow,cayyow,positif,0.975,umum
Gresik,DWxJSNmE_b-,https://www.instagram.com/p/DWxJSNmE_b-/,adri_setyo,adri_setyo,netral,0.986,umum
Gresik,DWxJSNmE_b-,https://www.instagram.com/p/DWxJSNmE_b-/,maasfiqhiakbar,maasfiqhiakbar,positif,0.585,umum
Gresik,DWxJSNmE_b-,https://www.instagram.com/p/DWxJSNmE_b-/,fridaayuhapsari,fridaayuhapsari,netral,0.919,umum
Gresik,DWxJSNmE_b-,https://www.instagram.com/p/DWxJSNmE_b-/,namrif_00_,namrif_00_,netral,0.96,umum
Gresik,DWxJSNmE_b-,https://www.instagram.com/p/DWxJSNmE_b-/,dewaasmara854,dewaasmara854,netral,0.96,umum
Gresik,DWxJSNmE_b-,https://www.instagram.com/p/DWxJSNmE_b-/,erikwp_,erikwp_,netral,0.582,umum
Gresik,DWxJSNmE_b-,https://www.instagram.com/p/DWxJSNmE_b-/,mamaibrahim_musyaffa,mamaibrahim_musyaffa,netral,0.98,umum
Gresik,DWxJSNmE_b-,https://www.instagram.com/p/DWxJSNmE_b-/,izzydiyant0412,izzydiyant0412,netral,0.981,umum
Gresik,DWxJSNmE_b-,https://www.instagram.com/p/DWxJSNmE_b-/,puput_wulandari1409,puput_wulandari1409,netral,0.993,umum
Gresik,DWxJSNmE_b-,https://www.instagram.com/p/DWxJSNmE_b-/,hilalfahmi24,hilalfahmi24,netral,0.883,umum
Gresik,DWxJSNmE_b-,https://www.instagram.com/p/DWxJSNmE_b-/,cakyoo.ae.73,cakyooae73,netral,0.884,umum
Gresik,DWxJSNmE_b-,https://www.instagram.com/p/DWxJSNmE_b-/,ilhambdsht22,ilhambdsht22,netral,0.94,umum
Gresik,DWxJSNmE_b-,https://www.instagram.com/p/DWxJSNmE_b-/,cofeepoot,cofeepoot,positif,0.669,umum
Gresik,DWxJSNmE_b-,https://www.instagram.com/p/DWxJSNmE_b-/,angkashaksa,angkashaksa,positif,0.936,umum
Gresik,DWxJSNmE_b-,https://www.instagram.com/p/DWxJSNmE_b-/,angkasa_ahmd,angkasa_ahmd,netral,0.984,umum
Gresik,DUw7BKwE3Fg,https://www.instagram.com/p/DUw7BKwE3Fg/,grsk24jam,grsk24jam,netral,0.889,umum
Gresik,DUw7BKwE3Fg,https://www.instagram.com/p/DUw7BKwE3Fg/,babang_j93,babang_j93,netral,0.951,umum
Gresik,DUw7BKwE3Fg,https://www.instagram.com/p/DUw7BKwE3Fg/,adys_saphire,adys_saphire,netral,0.994,umum
Gresik,DUw7BKwE3Fg,https://www.instagram.com/p/DUw7BKwE3Fg/,litag095,litag095,netral,0.869,umum
Gresik,DUw7BKwE3Fg,https://www.instagram.com/p/DUw7BKwE3Fg/,hakimpagi._,hakimpagi_,netral,0.746,umum
Gresik,DUw7BKwE3Fg,https://www.instagram.com/p/DUw7BKwE3Fg/,hrmawan_2504,hrmawan_2504,netral,0.991,umum
Gresik,DUw7BKwE3Fg,https://www.instagram.com/p/DUw7BKwE3Fg/,niwanadi,niwanadi,netral,0.439,umum
Gresik,DUw7BKwE3Fg,https://www.instagram.com/p/DUw7BKwE3Fg/,gosaputra,gosaputra,netral,0.834,umum
Gresik,DUw7BKwE3Fg,https://www.instagram.com/p/DUw7BKwE3Fg/,em.arieff,emarieff,netral,0.699,umum
Gresik,DUw7BKwE3Fg,https://www.instagram.com/p/DUw7BKwE3Fg/,budiaceh,budiaceh,positif,0.855,umum
Gresik,DUw7BKwE3Fg,https://www.instagram.com/p/DUw7BKwE3Fg/,unickshelaria_official,unickshelaria_official,netral,0.991,umum
Gresik,DUw7BKwE3Fg,https://www.instagram.com/p/DUw7BKwE3Fg/,magaszine_,magaszine_,netral,0.666,umum
Gresik,DUw7BKwE3Fg,https://www.instagram.com/p/DUw7BKwE3Fg/,mcfawwaz,mcfawwaz,positif,0.947,umum
Gresik,DUw7BKwE3Fg,https://www.instagram.com/p/DUw7BKwE3Fg/,_frmaansyah_,_frmaansyah_,netral,0.974,umum
Gresik,DUw7BKwE3Fg,https://www.instagram.com/p/DUw7BKwE3Fg/,jagoan.mama027,jagoanmama027,netral,0.649,umum
Gresik,DUw7BKwE3Fg,https://www.instagram.com/p/DUw7BKwE3Fg/,wicaksono_teguh,wicaksono_teguh,netral,0.988,umum
Gresik,DUw7BKwE3Fg,https://www.instagram.com/p/DUw7BKwE3Fg/,mkw_daus,mkw_daus,netral,0.909,umum
Gresik,DUw7BKwE3Fg,https://www.instagram.com/p/DUw7BKwE3Fg/,athalia_li,athalia_li,netral,0.954,umum
Gresik,DaaTj0cvb5N,https://www.instagram.com/p/DaaTj0cvb5N/,satlantasresgresik,satlantasresgresik,netral,0.997,umum
Gresik,DaaTj0cvb5N,https://www.instagram.com/p/DaaTj0cvb5N/,polresgresik_official,polresgresik_official,netral,0.996,umum
Gresik,DaaTj0cvb5N,https://www.instagram.com/p/DaaTj0cvb5N/,prastio385,prastio385,netral,0.892,umum
Gresik,DaaTj0cvb5N,https://www.instagram.com/p/DaaTj0cvb5N/,nusantaraexpress.id,nusantaraexpressid,netral,0.888,umum
Gresik,DaaTj0cvb5N,https://www.instagram.com/p/DaaTj0cvb5N/,ningsih220887,ningsih220887,netral,0.982,umum
Gresik,DaaTj0cvb5N,https://www.instagram.com/p/DaaTj0cvb5N/,imam_alel1112,imam_alel1112,netral,0.995,umum
Gresik,DaaTj0cvb5N,https://www.instagram.com/p/DaaTj0cvb5N/,n_hamidah_,n_hamidah_,netral,0.921,umum
Gresik,DaaTj0cvb5N,https://www.instagram.com/p/DaaTj0cvb5N/,dyasrml,dyasrml,positif,0.542,umum
Gresik,DaaTj0cvb5N,https://www.instagram.com/p/DaaTj0cvb5N/,eko.wulandari.33,ekowulandari33,netral,0.784,umum
Gresik,DapEbrcpAf9,https://www.instagram.com/p/DapEbrcpAf9/,mamasquietstar,mamasquietstar,netral,0.803,umum
Gresik,DapEbrcpAf9,https://www.instagram.com/p/DapEbrcpAf9/,b4hlilbersholawat,b4hlilbersholawat,netral,0.634,umum
Gresik,DapEbrcpAf9,https://www.instagram.com/p/DapEbrcpAf9/,jealostgurll._,jealostgurll_,netral,0.537,umum
Gresik,DapEbrcpAf9,https://www.instagram.com/p/DapEbrcpAf9/,madangdisitlah,madangdisitlah,negatif,0.92,umum
Gresik,DapEbrcpAf9,https://www.instagram.com/p/DapEbrcpAf9/,m.zayyy_a,mzayyy_a,positif,0.913,umum
Gresik,DapEbrcpAf9,https://www.instagram.com/p/DapEbrcpAf9/,talnniaa,talnniaa,positif,0.848,umum
Gresik,DapEbrcpAf9,https://www.instagram.com/p/DapEbrcpAf9/,3ylealea,3ylealea,netral,0.611,umum
Gresik,DapEbrcpAf9,https://www.instagram.com/p/DapEbrcpAf9/,vnesyaura_,vnesyaura_,netral,0.501,umum
Gresik,DapEbrcpAf9,https://www.instagram.com/p/DapEbrcpAf9/,rosieexxlayy,rosieexxlayy,positif,0.675,umum
Gresik,DapEbrcpAf9,https://www.instagram.com/p/DapEbrcpAf9/,tyranoso,tyranoso,netral,0.772,umum
Gresik,DapEbrcpAf9,https://www.instagram.com/p/DapEbrcpAf9/,t44sya____,t44sya____,netral,0.986,umum
Gresik,DapEbrcpAf9,https://www.instagram.com/p/DapEbrcpAf9/,encesylakykny,encesylakykny,netral,0.39,umum
Gresik,DapEbrcpAf9,https://www.instagram.com/p/DapEbrcpAf9/,suharto9642,suharto9642,netral,0.801,umum
Gresik,DapEbrcpAf9,https://www.instagram.com/p/DapEbrcpAf9/,i0innim,i0innim,positif,0.916,umum
Gresik,DapEbrcpAf9,https://www.instagram.com/p/DapEbrcpAf9/,bfail_,bfail_,netral,0.53,umum
Gresik,DapEbrcpAf9,https://www.instagram.com/p/DapEbrcpAf9/,deesmigi,deesmigi,positif,0.717,umum
Gresik,DapEbrcpAf9,https://www.instagram.com/p/DapEbrcpAf9/,juhooncinta.gwh,juhooncintagwh,positif,0.509,umum
Gresik,DapEbrcpAf9,https://www.instagram.com/p/DapEbrcpAf9/,prynkdryn,prynkdryn,positif,0.653,umum
Gresik,DapEbrcpAf9,https://www.instagram.com/p/DapEbrcpAf9/,sabrr.n,sabrrn,positif,0.651,umum
Gresik,DapEbrcpAf9,https://www.instagram.com/p/DapEbrcpAf9/,sleuprey,sleuprey,positif,0.937,umum
Gresik,DSOtcLhEzU6,https://www.instagram.com/p/DSOtcLhEzU6/,setia_hatiofficial,setia_hatiofficial,netral,0.968,umum
Gresik,DSOtcLhEzU6,https://www.instagram.com/p/DSOtcLhEzU6/,good_der_adv,good_der_adv,positif,0.749,umum
Gresik,DSOtcLhEzU6,https://www.instagram.com/p/DSOtcLhEzU6/,a.dkaa,adkaa,positif,0.916,umum
Gresik,DSOtcLhEzU6,https://www.instagram.com/p/DSOtcLhEzU6/,pudji.handoko,pudjihandoko,netral,0.853,umum
Gresik,Da77i9OPHkU,https://www.instagram.com/p/Da77i9OPHkU/,satlantasresgresik,satlantasresgresik,netral,0.997,umum
Gresik,Da77i9OPHkU,https://www.instagram.com/p/Da77i9OPHkU/,polresgresik_official,polresgresik_official,netral,0.996,umum
Gresik,Da77i9OPHkU,https://www.instagram.com/p/Da77i9OPHkU/,bolang_1993,bolang_1993,netral,0.896,umum
Gresik,Da77i9OPHkU,https://www.instagram.com/p/Da77i9OPHkU/,masgito60,masgito60,netral,0.749,umum
Gresik,Da77i9OPHkU,https://www.instagram.com/p/Da77i9OPHkU/,mansyahmsn1,mansyahmsn1,netral,0.765,umum
Gresik,Da77i9OPHkU,https://www.instagram.com/p/Da77i9OPHkU/,herusumarsono3,herusumarsono3,netral,0.951,umum
Gresik,DYrOYzcsacm,https://www.instagram.com/p/DYrOYzcsacm/,gresik.media,gresikmedia,netral,0.698,umum
Gresik,DYrOYzcsacm,https://www.instagram.com/p/DYrOYzcsacm/,bangjay99_,bangjay99_,netral,0.852,umum
Gresik,DYrOYzcsacm,https://www.instagram.com/p/DYrOYzcsacm/,azhar_kimeyy7,azhar_kimeyy7,netral,0.989,umum
Gresik,DYrOYzcsacm,https://www.instagram.com/p/DYrOYzcsacm/,team_konser_surabaya,team_konser_surabaya,netral,0.995,umum
Gresik,DYrOYzcsacm,https://www.instagram.com/p/DYrOYzcsacm/,nikita_yulia,nikita_yulia,netral,0.986,umum
Gresik,DYrOYzcsacm,https://www.instagram.com/p/DYrOYzcsacm/,daffa_daf12,daffa_daf12,netral,0.984,umum
Gresik,DYrOYzcsacm,https://www.instagram.com/p/DYrOYzcsacm/,rizfii67,rizfii67,netral,0.945,umum
Gresik,DYrOYzcsacm,https://www.instagram.com/p/DYrOYzcsacm/,lokergresikinfo,lokergresikinfo,netral,0.978,umum
Gresik,DYrOYzcsacm,https://www.instagram.com/p/DYrOYzcsacm/,bimantara_alwi,bimantara_alwi,netral,0.993,umum
Gresik,DYrOYzcsacm,https://www.instagram.com/p/DYrOYzcsacm/,supportkonser,supportkonser,positif,0.707,umum
Gresik,DYrOYzcsacm,https://www.instagram.com/p/DYrOYzcsacm/,maia.novita,maianovita,netral,0.897,umum
Gresik,DYrOYzcsacm,https://www.instagram.com/p/DYrOYzcsacm/,unyilkawaii27,unyilkawaii27,positif,0.668,umum
Gresik,DYrOYzcsacm,https://www.instagram.com/p/DYrOYzcsacm/,loeartemesia,loeartemesia,netral,0.671,umum
Gresik,DYrOYzcsacm,https://www.instagram.com/p/DYrOYzcsacm/,febriantssa,febriantssa,netral,0.591,umum
Gresik,DYrOYzcsacm,https://www.instagram.com/p/DYrOYzcsacm/,alvrsbrn,alvrsbrn,netral,0.573,umum
Gresik,DYrOYzcsacm,https://www.instagram.com/p/DYrOYzcsacm/,halimatus_sadiyah22,halimatus_sadiyah22,netral,0.969,umum
Gresik,DYrOYzcsacm,https://www.instagram.com/p/DYrOYzcsacm/,sulthannn.___,sulthannn___,positif,0.751,umum
Gresik,DbFXezDJ_hi,https://www.instagram.com/p/DbFXezDJ_hi/,gresiksatudotcom,gresiksatudotcom,netral,0.98,umum
Gresik,DbFXezDJ_hi,https://www.instagram.com/p/DbFXezDJ_hi/,gresiksatu1,gresiksatu1,netral,0.78,umum
Gresik,DbFXezDJ_hi,https://www.instagram.com/p/DbFXezDJ_hi/,lia_safitrii,lia_safitrii,netral,0.986,umum
Gresik,DbFXezDJ_hi,https://www.instagram.com/p/DbFXezDJ_hi/,mrizal_af,mrizal_af,netral,0.931,umum
Gresik,DbFXezDJ_hi,https://www.instagram.com/p/DbFXezDJ_hi/,puttrabagus.nine9__,puttrabagusnine9__,netral,0.859,umum
Gresik,DZCINqUAXmD,https://www.instagram.com/p/DZCINqUAXmD/,farrel.rizkyy,farrelrizkyy,positif,0.554,umum
Gresik,DZCINqUAXmD,https://www.instagram.com/p/DZCINqUAXmD/,majelis_raukha,majelis_raukha,netral,0.982,umum
Gresik,DZCINqUAXmD,https://www.instagram.com/p/DZCINqUAXmD/,khfdh.nk,khfdhnk,positif,0.981,umum
Gresik,DbEwFD9yQUt,https://www.instagram.com/p/DbEwFD9yQUt/,alkhidmahgresikkroman,alkhidmahgresikkroman,netral,0.92,umum
Gresik,DbEwFD9yQUt,https://www.instagram.com/p/DbEwFD9yQUt/,teddykingtop,teddykingtop,netral,0.735,umum
Gresik,DbEwFD9yQUt,https://www.instagram.com/p/DbEwFD9yQUt/,penting.breettd,pentingbreettd,positif,0.885,umum
Gresik,DbEwFD9yQUt,https://www.instagram.com/p/DbEwFD9yQUt/,drilm_11,drilm_11,netral,0.982,umum
Gresik,DVVFZ7nEmgm,https://www.instagram.com/p/DVVFZ7nEmgm/,infokerjagresik,infokerjagresik,netral,0.971,umum
Gresik,DVVFZ7nEmgm,https://www.instagram.com/p/DVVFZ7nEmgm/,mufidaaatmh_,mufidaaatmh_,positif,0.945,umum
Gresik,DVVFZ7nEmgm,https://www.instagram.com/p/DVVFZ7nEmgm/,hasib_mdr,hasib_mdr,netral,0.981,umum
Gresik,DauZ0QbSxjD,https://www.instagram.com/p/DauZ0QbSxjD/,infokerjagresik,infokerjagresik,netral,0.971,umum
Gresik,DauZ0QbSxjD,https://www.instagram.com/p/DauZ0QbSxjD/,agus.kharis.7,aguskharis7,netral,0.663,umum
Gresik,DauZ0QbSxjD,https://www.instagram.com/p/DauZ0QbSxjD/,diantodianto538,diantodianto538,netral,0.919,umum
Gresik,DauZ0QbSxjD,https://www.instagram.com/p/DauZ0QbSxjD/,rereramadhaniii28_,rereramadhaniii28_,positif,0.537,umum
Gresik,DauZ0QbSxjD,https://www.instagram.com/p/DauZ0QbSxjD/,kholiqalatas_prayogo,kholiqalatas_prayogo,netral,0.986,umum
Gresik,DauZ0QbSxjD,https://www.instagram.com/p/DauZ0QbSxjD/,leora_titi,leora_titi,netral,0.971,umum
Gresik,DauZ0QbSxjD,https://www.instagram.com/p/DauZ0QbSxjD/,novi_tadita,novi_tadita,netral,0.988,umum
Gresik,DauZ0QbSxjD,https://www.instagram.com/p/DauZ0QbSxjD/,a06shu,a06shu,positif,0.8,umum
Gresik,DauZ0QbSxjD,https://www.instagram.com/p/DauZ0QbSxjD/,supriyanto_2095,supriyanto_2095,netral,0.991,umum
Gresik,Daw6cJeSP3v,https://www.instagram.com/p/Daw6cJeSP3v/,iconmallgresik_official,iconmallgresik_official,netral,0.992,umum
Gresik,Daw6cJeSP3v,https://www.instagram.com/p/Daw6cJeSP3v/,annisanicca,annisanicca,netral,0.683,umum
Gresik,Daw6cJeSP3v,https://www.instagram.com/p/Daw6cJeSP3v/,slee7_frs,slee7_frs,netral,0.984,umum
Gresik,Daw6cJeSP3v,https://www.instagram.com/p/Daw6cJeSP3v/,rizz_rizzkiy,rizz_rizzkiy,netral,0.985,umum
Gresik,Daw6cJeSP3v,https://www.instagram.com/p/Daw6cJeSP3v/,seoulkoreastreetfood,seoulkoreastreetfood,netral,0.977,umum
Gresik,Daw6cJeSP3v,https://www.instagram.com/p/Daw6cJeSP3v/,septiadwii__,septiadwii__,netral,0.769,umum
Gresik,Daw6cJeSP3v,https://www.instagram.com/p/Daw6cJeSP3v/,_gt4rs,_gt4rs,netral,0.947,umum
Gresik,Daw6cJeSP3v,https://www.instagram.com/p/Daw6cJeSP3v/,astiti.palupi,astitipalupi,positif,0.829,umum
Gresik,Daw6cJeSP3v,https://www.instagram.com/p/Daw6cJeSP3v/,dystaagmelia,dystaagmelia,netral,0.853,umum
Gresik,Daw6cJeSP3v,https://www.instagram.com/p/Daw6cJeSP3v/,salma_affira,salma_affira,netral,0.979,umum
Gresik,Daw6cJeSP3v,https://www.instagram.com/p/Daw6cJeSP3v/,angdwini,angdwini,positif,0.734,umum
Gresik,Daw6cJeSP3v,https://www.instagram.com/p/Daw6cJeSP3v/,rachmadaniss,rachmadaniss,positif,0.846,umum
Gresik,Daw6cJeSP3v,https://www.instagram.com/p/Daw6cJeSP3v/,aisyahsidmalhotra,aisyahsidmalhotra,netral,0.982,umum
Gresik,Daw6cJeSP3v,https://www.instagram.com/p/Daw6cJeSP3v/,dindaswastini,dindaswastini,netral,0.618,umum
Gresik,Daw6cJeSP3v,https://www.instagram.com/p/Daw6cJeSP3v/,ayamgenitnainai,ayamgenitnainai,positif,0.767,umum
Gresik,Daw6cJeSP3v,https://www.instagram.com/p/Daw6cJeSP3v/,bakmioukie_ig,bakmioukie_ig,netral,0.968,umum
Gresik,Daw6cJeSP3v,https://www.instagram.com/p/Daw6cJeSP3v/,glimpseofbby,glimpseofbby,positif,0.949,umum
Gresik,DbHmhkFyR1t,https://www.instagram.com/p/DbHmhkFyR1t/,milsa.florist,milsaflorist,netral,0.625,umum
Gresik,DaaMTFJkodQ,https://www.instagram.com/p/DaaMTFJkodQ/,syaaafa4_,syaaafa4_,positif,0.956,umum
Gresik,DQjMdF5EgJk,https://www.instagram.com/p/DQjMdF5EgJk/,bugurusayanggggg,bugurusayanggggg,positif,0.679,umum
Gresik,DQjMdF5EgJk,https://www.instagram.com/p/DQjMdF5EgJk/,rizalnmd,rizalnmd,netral,0.614,umum
Gresik,DQjMdF5EgJk,https://www.instagram.com/p/DQjMdF5EgJk/,hendri_santoz,hendri_santoz,netral,0.992,umum
Gresik,DQjMdF5EgJk,https://www.instagram.com/p/DQjMdF5EgJk/,mazz_abde,mazz_abde,netral,0.975,umum
Gresik,DQjMdF5EgJk,https://www.instagram.com/p/DQjMdF5EgJk/,nyambek_anarkie,nyambek_anarkie,negatif,0.974,umum
Gresik,DQjMdF5EgJk,https://www.instagram.com/p/DQjMdF5EgJk/,mahfudhridwan,mahfudhridwan,netral,0.522,umum
Gresik,DQjMdF5EgJk,https://www.instagram.com/p/DQjMdF5EgJk/,irvanmboe,irvanmboe,positif,0.514,umum
Gresik,DQjMdF5EgJk,https://www.instagram.com/p/DQjMdF5EgJk/,hidayattejonur,hidayattejonur,netral,0.851,umum
Gresik,DQjMdF5EgJk,https://www.instagram.com/p/DQjMdF5EgJk/,_ariprasetyooo,_ariprasetyooo,netral,0.987,umum
Gresik,DQjMdF5EgJk,https://www.instagram.com/p/DQjMdF5EgJk/,manyekitofarid,manyekitofarid,netral,0.495,umum
Gresik,DQjMdF5EgJk,https://www.instagram.com/p/DQjMdF5EgJk/,putra_kelana201,putra_kelana201,netral,0.992,umum
Gresik,DQjMdF5EgJk,https://www.instagram.com/p/DQjMdF5EgJk/,m.wahyuokta,mwahyuokta,positif,0.917,umum
Gresik,DQjMdF5EgJk,https://www.instagram.com/p/DQjMdF5EgJk/,aawisnuzibanie,aawisnuzibanie,positif,0.811,umum
Gresik,DQjMdF5EgJk,https://www.instagram.com/p/DQjMdF5EgJk/,heri_prasetyo_buyutwarok,heri_prasetyo_buyutwarok,netral,0.996,umum
Gresik,DQjMdF5EgJk,https://www.instagram.com/p/DQjMdF5EgJk/,ekosupriyanto2023,ekosupriyanto2023,netral,0.98,umum
Gresik,DQjMdF5EgJk,https://www.instagram.com/p/DQjMdF5EgJk/,70.m.zat,70mzat,positif,0.75,umum
Gresik,Da6rQmHSzy8,https://www.instagram.com/p/Da6rQmHSzy8/,radargresik.id,radargresikid,netral,0.958,umum
Gresik,Da6rQmHSzy8,https://www.instagram.com/p/Da6rQmHSzy8/,bakmioukie_ig,bakmioukie_ig,netral,0.968,umum
Gresik,Da6rQmHSzy8,https://www.instagram.com/p/Da6rQmHSzy8/,lokergresikinfo,lokergresikinfo,netral,0.978,umum
Gresik,Da6rQmHSzy8,https://www.instagram.com/p/Da6rQmHSzy8/,sewa_freezer_showcase_semarang,sewa_freezer_showcase_semarang,netral,0.996,umum
Gresik,Da6rQmHSzy8,https://www.instagram.com/p/Da6rQmHSzy8/,seoulkoreastreetfood,seoulkoreastreetfood,netral,0.977,umum
Gresik,Da6rQmHSzy8,https://www.instagram.com/p/Da6rQmHSzy8/,incube_rental,incube_rental,netral,0.97,umum
Gresik,Da6rQmHSzy8,https://www.instagram.com/p/Da6rQmHSzy8/,dephe_,dephe_,netral,0.499,umum
Gresik,Da6rQmHSzy8,https://www.instagram.com/p/Da6rQmHSzy8/,tiara_tasya_22,tiara_tasya_22,netral,0.991,umum
Gresik,Da6rQmHSzy8,https://www.instagram.com/p/Da6rQmHSzy8/,aisyahsidmalhotra,aisyahsidmalhotra,netral,0.982,umum
Gresik,DaiPHIft-Sn,https://www.instagram.com/p/DaiPHIft-Sn/,gresik.news,gresiknews,netral,0.938,umum
Gresik,DaiPHIft-Sn,https://www.instagram.com/p/DaiPHIft-Sn/,huruf.timbul.gresik,huruftimbulgresik,netral,0.957,umum
Gresik,DaiPHIft-Sn,https://www.instagram.com/p/DaiPHIft-Sn/,irwnrik,irwnrik,netral,0.514,umum
Gresik,DaiPHIft-Sn,https://www.instagram.com/p/DaiPHIft-Sn/,dicky60883,dicky60883,netral,0.956,umum
Gresik,DaiPHIft-Sn,https://www.instagram.com/p/DaiPHIft-Sn/,dyazz_barbel,dyazz_barbel,netral,0.991,umum
Gresik,DaiPHIft-Sn,https://www.instagram.com/p/DaiPHIft-Sn/,marisadwi,marisadwi,positif,0.679,umum
Gresik,DaiPHIft-Sn,https://www.instagram.com/p/DaiPHIft-Sn/,jepit_kumbaan89,jepit_kumbaan89,netral,0.982,umum
Gresik,DaiPHIft-Sn,https://www.instagram.com/p/DaiPHIft-Sn/,unie_cake.cookies,unie_cakecookies,netral,0.915,umum
Gresik,DaiPHIft-Sn,https://www.instagram.com/p/DaiPHIft-Sn/,budi59294,budi59294,netral,0.911,umum
Gresik,DZWxit2FOqL,https://www.instagram.com/p/DZWxit2FOqL/,cakpudak,cakpudak,positif,0.681,umum
Gresik,DZWxit2FOqL,https://www.instagram.com/p/DZWxit2FOqL/,wonggresik,wonggresik,netral,0.848,umum
Gresik,DZWxit2FOqL,https://www.instagram.com/p/DZWxit2FOqL/,astridfhb,astridfhb,netral,0.668,umum
Gresik,DZWxit2FOqL,https://www.instagram.com/p/DZWxit2FOqL/,febrian_a,febrian_a,netral,0.974,umum
Gresik,DZWxit2FOqL,https://www.instagram.com/p/DZWxit2FOqL/,sigitmarsudi68,sigitmarsudi68,netral,0.962,umum
Gresik,DZWxit2FOqL,https://www.instagram.com/p/DZWxit2FOqL/,panjiwarih,panjiwarih,positif,0.506,umum
Gresik,DZWxit2FOqL,https://www.instagram.com/p/DZWxit2FOqL/,sholahuddin12,sholahuddin12,netral,0.519,umum
Gresik,DZWxit2FOqL,https://www.instagram.com/p/DZWxit2FOqL/,rizzal_muh,rizzal_muh,netral,0.978,umum
Gresik,DZWxit2FOqL,https://www.instagram.com/p/DZWxit2FOqL/,java_masrur,java_masrur,netral,0.974,umum
Gresik,DZWxit2FOqL,https://www.instagram.com/p/DZWxit2FOqL/,oktf_02,oktf_02,netral,0.981,umum
Gresik,DZWxit2FOqL,https://www.instagram.com/p/DZWxit2FOqL/,encek_spin,encek_spin,negatif,0.994,umum
Gresik,DZWxit2FOqL,https://www.instagram.com/p/DZWxit2FOqL/,ariesantisw,ariesantisw,positif,0.537,umum
Gresik,DZWxit2FOqL,https://www.instagram.com/p/DZWxit2FOqL/,cyandrimartha,cyandrimartha,netral,0.745,umum
Gresik,DZWxit2FOqL,https://www.instagram.com/p/DZWxit2FOqL/,swalangyun,swalangyun,positif,0.657,umum
Gresik,DZWxit2FOqL,https://www.instagram.com/p/DZWxit2FOqL/,gagakwakaras,gagakwakaras,negatif,0.614,umum
Gresik,DZWxit2FOqL,https://www.instagram.com/p/DZWxit2FOqL/,safrudin.150_,safrudin150_,netral,0.87,umum
Gresik,DZWxit2FOqL,https://www.instagram.com/p/DZWxit2FOqL/,daniiimlna_,daniiimlna_,netral,0.505,umum
Gresik,DZWxit2FOqL,https://www.instagram.com/p/DZWxit2FOqL/,anim.abdullah,animabdullah,positif,0.708,umum
Gresik,DZWxit2FOqL,https://www.instagram.com/p/DZWxit2FOqL/,solinkinpark,solinkinpark,netral,0.845,umum
Gresik,DZWxit2FOqL,https://www.instagram.com/p/DZWxit2FOqL/,ismaillee44,ismaillee44,netral,0.935,umum
Gresik,DapyQssvJW3,https://www.instagram.com/p/DapyQssvJW3/,satlantasresgresik,satlantasresgresik,netral,0.997,umum
Gresik,DapyQssvJW3,https://www.instagram.com/p/DapyQssvJW3/,muthiur_roziqin,muthiur_roziqin,netral,0.965,umum
Gresik,DapyQssvJW3,https://www.instagram.com/p/DapyQssvJW3/,dyasrml,dyasrml,positif,0.542,umum
Gresik,DapyQssvJW3,https://www.instagram.com/p/DapyQssvJW3/,nrnlaily,nrnlaily,positif,0.824,umum
Gresik,DapyQssvJW3,https://www.instagram.com/p/DapyQssvJW3/,rafif_nurrahman,rafif_nurrahman,netral,0.99,umum
Gresik,DapyQssvJW3,https://www.instagram.com/p/DapyQssvJW3/,indra_saputra517,indra_saputra517,netral,0.992,umum
Gresik,DbQcNrYMPgm,https://www.instagram.com/p/DbQcNrYMPgm/,sorot.gresik,sorotgresik,netral,0.967,umum
Gresik,DbQcNrYMPgm,https://www.instagram.com/p/DbQcNrYMPgm/,elsaakila,elsaakila,positif,0.855,umum
Gresik,DbQcNrYMPgm,https://www.instagram.com/p/DbQcNrYMPgm/,piiapii_,piiapii_,positif,0.644,umum
Gresik,DbQcNrYMPgm,https://www.instagram.com/p/DbQcNrYMPgm/,9201.ts,9201ts,positif,0.794,umum
Gresik,DbQcNrYMPgm,https://www.instagram.com/p/DbQcNrYMPgm/,fathulhaq7,fathulhaq7,netral,0.934,umum
Gresik,DbQcNrYMPgm,https://www.instagram.com/p/DbQcNrYMPgm/,khakarahayu,khakarahayu,positif,0.959,umum
Gresik,DbQcNrYMPgm,https://www.instagram.com/p/DbQcNrYMPgm/,rendy_febriann,rendy_febriann,netral,0.99,umum
Gresik,DbQcNrYMPgm,https://www.instagram.com/p/DbQcNrYMPgm/,mbgaksdo,mbgaksdo,positif,0.77,umum
Gresik,DbQcNrYMPgm,https://www.instagram.com/p/DbQcNrYMPgm/,vinnatavinna,vinnatavinna,netral,0.684,umum
Gresik,DbQcNrYMPgm,https://www.instagram.com/p/DbQcNrYMPgm/,naya_alvinna,naya_alvinna,netral,0.975,umum
Gresik,DbQcNrYMPgm,https://www.instagram.com/p/DbQcNrYMPgm/,hayyy_rul,hayyy_rul,netral,0.986,umum
Gresik,DbQcNrYMPgm,https://www.instagram.com/p/DbQcNrYMPgm/,prtama.dh,prtamadh,positif,0.931,umum
Gresik,DbQcNrYMPgm,https://www.instagram.com/p/DbQcNrYMPgm/,tonysapt,tonysapt,netral,0.683,umum
Gresik,DbQcNrYMPgm,https://www.instagram.com/p/DbQcNrYMPgm/,dadankski,dadankski,positif,0.913,umum
Gresik,DbQcNrYMPgm,https://www.instagram.com/p/DbQcNrYMPgm/,m.zulkifli90,mzulkifli90,netral,0.738,umum
Gresik,DaowtaJzNLY,https://www.instagram.com/p/DaowtaJzNLY/,pemkabgresik,pemkabgresik,netral,0.947,umum
Gresik,DbIh4a9P-jo,https://www.instagram.com/p/DbIh4a9P-jo/,gresik_info_loker,gresik_info_loker,netral,0.997,umum
Gresik,DbIh4a9P-jo,https://www.instagram.com/p/DbIh4a9P-jo/,aulasyafriii,aulasyafriii,positif,0.817,umum
Gresik,DbIh4a9P-jo,https://www.instagram.com/p/DbIh4a9P-jo/,maulana_835,maulana_835,netral,0.968,umum
Gresik,DbIh4a9P-jo,https://www.instagram.com/p/DbIh4a9P-jo/,hafidalvino6,hafidalvino6,netral,0.761,umum
Gresik,DbIh4a9P-jo,https://www.instagram.com/p/DbIh4a9P-jo/,justkaizah,justkaizah,positif,0.505,umum
Gresik,DbIh4a9P-jo,https://www.instagram.com/p/DbIh4a9P-jo/,59junn,59junn,netral,0.955,umum
Gresik,DbIh4a9P-jo,https://www.instagram.com/p/DbIh4a9P-jo/,ukwrdhn,ukwrdhn,positif,0.976,umum
Gresik,DbIh4a9P-jo,https://www.instagram.com/p/DbIh4a9P-jo/,naufalkhnf10,naufalkhnf10,positif,0.629,umum
Gresik,DWrQdcuk39m,https://www.instagram.com/p/DWrQdcuk39m/,undiayraya_,undiayraya_,netral,0.811,umum
Gresik,DWrQdcuk39m,https://www.instagram.com/p/DWrQdcuk39m/,sipitsyahroni,sipitsyahroni,positif,0.971,umum
