Kategori,Sub Kategori,Tempat,Rating Tempat,Total Ulasan,Nama Reviewer,Bintang,Tanggal,Ulasan,teks_cleaned,teks_normalized,teks_final,topik,sentimen,sentimen_score
Kesehatan,Apotek & Farmasi,Apotek K-24 Dr Sutomo Gresik,4.3,67,Sigit Danuarto,5,2026-07-28T05:30:12.108Z,"Obat lengkat, menjual alat medis/kesehatan jg. Buka 24 jam, membantu pasien cari obat. Sahabat sehat kita semua.",obat lengkat menjual alat medis kesehatan jg buka jam membantu pasien cari obat sahabat sehat kita semua,obat lengkat menjual alat medis kesehatan juga buka jam membantu pasien cari obat sahabat sehat kita semua,obat lengkat menjual alat medis kesehatan buka jam membantu pasien cari obat sahabat sehat semua,Kesehatan,Netral,0.8047
Kesehatan,Apotek & Farmasi,Apotek K-24 Dr Sutomo Gresik,4.3,67,_maulida,5,2026-07-10T13:38:18.763Z,"Pesan via wa langsung di Respon cepat, obatnya lengkap dan pelayanan oke bgt, solusi cepat saat butuh obat bisa pesan via wa",pesan via wa langsung di respon cepat obatnya lengkap dan pelayanan oke bgt solusi cepat saat butuh obat bisa pesan via wa,pesan via wa langsung di respon cepat obatnya lengkap dan pelayanan oke banget solusi cepat saat butuh obat bisa pesan via wa,pesan via wa langsung respon cepat obatnya lengkap pelayanan oke banget solusi cepat butuh obat pesan via wa,Pelayanan,Positif,0.9654
Kesehatan,Apotek & Farmasi,Apotek K-24 Dr Sutomo Gresik,4.3,67,erlyn,5,2026-05-28T18:36:32.290Z,"pelayanan baik, ramah, dan jika ada obat yang kosong, karyawannya selalu berinisiatif untuk membantu cek stok di cabang lain, sangat memudahkan pasien",pelayanan baik ramah dan jika ada obat yang kosong karyawannya selalu berinisiatif untuk membantu cek stok di cabang lain sangat memudahkan pasien,pelayanan baik ramah dan jika ada obat yang kosong karyawannya selalu berinisiatif untuk membantu cek stok di cabang lain sangat memudahkan pasien,pelayanan baik ramah obat kosong karyawannya selalu berinisiatif membantu cek stok cabang lain memudahkan pasien,Pelayanan,Positif,0.9774
Kesehatan,Apotek & Farmasi,Apotek K-24 Dr Sutomo Gresik,4.3,67,Jessica Alifia Ramadhanty,1,2026-03-27T03:46:17.421Z,Karyawan yang jaga mlm ketus bgt 🙏🏻😭,karyawan yang jaga mlm ketus bgt,karyawan yang jaga mlm ketus banget,karyawan jaga mlm ketus banget,Lainnya,Negatif,0.9978
Kesehatan,Apotek & Farmasi,Apotek K-24 Dr Sutomo Gresik,4.3,67,Ali Martono,1,2026-01-30T08:19:46.707Z,Gila nih karyawan yg jaga sore pakai jilbab ketus banget. Emang sama pimpinannya nggk bisa di ajarin senyum ke pelanggan ya.,gila nih karyawan yg jaga sore pakai jilbab ketus banget emang sama pimpinannya nggk bisa di ajarin senyum ke pelanggan ya,gila nih karyawan yang jaga sore pakai jilbab ketus banget emang sama pimpinannya nggk bisa di ajarin senyum ke pelanggan ya,gila nih karyawan jaga sore pakai jilbab ketus banget emang sama pimpinannya nggk ajarin senyum pelanggan ya,Lainnya,Negatif,0.9311
Kesehatan,Apotek & Farmasi,Apotek K-24 Dr Sutomo Gresik,4.3,67,Rafi Firmansyah,2,2026-01-27T18:47:47.016Z,Baru kemaren jam 3 menjelang subuh ketemu dengan karyawan apotek yang judes banget. Dari awal saya belum udah sewot. Mungkin lagi ngantuk atau gimana gara gara jaga malam. Tapi kan itu sudah resikomu dan perioritasmu buat MELAYANI. Saya bilang terimakasih malah gak dijawab tapi diplengosin,baru kemaren jam menjelang subuh ketemu dengan karyawan apotek yang judes banget dari awal saya belum udah sewot mungkin lagi ngantuk atau gimana gara gara jaga malam tapi kan itu sudah resikomu dan perioritasmu buat melayani saya bilang terimakasih malah gak dijawab tapi diplengosin,baru kemaren jam menjelang subuh ketemu dengan karyawan apotek yang judes banget dari awal saya belum udah sewot mungkin lagi ngantuk atau gimana gara gara jaga malam tapi kan itu sudah resikomu dan perioritasmu buat melayani saya bilang terimakasih malah tidak dijawab tapi diplengosin,kemaren jam menjelang subuh ketemu karyawan apotek judes banget awal udah sewot mungkin ngantuk gimana gara gara jaga malam kan resikomu perioritasmu buat melayani bilang terimakasih malah dijawab diplengosin,Lainnya,Negatif,0.9978
Kesehatan,Apotek & Farmasi,Apotek K-24 Dr Sutomo Gresik,4.3,67,Dewantara Nur Alamsyah,5,2026-01-18T10:32:53.977Z,"Apotek K24 Jl. DR. Sutomo merupakan salah satu apotek yang sangat membantu, terutama karena operasionalnya 24 jam sehingga bisa diandalkan kapan pun dibutuhkan, baik siang maupun malam hari. Lokasinya strategis dan mudah ditemukan, dengan area apotek yang bersih, rapi, serta tertata dengan baik sehingga pengunjung merasa nyaman saat berbelanja.  Dari sisi pelayanan, staf apotek tergolong ramah dan cukup responsif. Petugas melayani dengan sopan, membantu mencarikan obat dengan cepat, serta memberikan penjelasan yang jelas terkait aturan pakai, dosis, dan alternatif obat jika stok yang dicari sedang kosong. Hal ini sangat membantu, terutama bagi pelanggan yang membutuhkan edukasi singkat mengenai obat yang dikonsumsi.  Ketersediaan obat terbilang cukup lengkap, mulai dari obat resep, obat bebas, vitamin, hingga kebutuhan kesehatan sehari-hari. Proses pelayanan juga relatif cepat dan tertib, sehingga tidak memakan waktu lama meskipun sedang ada beberapa pelanggan.  Secara keseluruhan, Apotek K24 Jl. DR. Sutomo adalah apotek yang praktis, terpercaya, dan layak menjadi pilihan utama untuk memenuhi kebutuhan obat dan kesehatan, khususnya dalam kondisi darurat atau di luar jam kerja apotek pada umumnya.",apotek k24 jl dr sutomo merupakan salah satu apotek yang sangat membantu terutama karena operasionalnya jam sehingga bisa diandalkan kapan pun dibutuhkan baik siang maupun malam hari lokasinya strategis dan mudah ditemukan dengan area apotek yang bersih rapi serta tertata dengan baik sehingga pengunjung merasa nyaman saat berbelanja dari sisi pelayanan staf apotek tergolong ramah dan cukup responsif petugas melayani dengan sopan membantu mencarikan obat dengan cepat serta memberikan penjelasan yang jelas terkait aturan pakai dosis dan alternatif obat jika stok yang dicari sedang kosong hal ini sangat membantu terutama bagi pelanggan yang membutuhkan edukasi singkat mengenai obat yang dikonsumsi ketersediaan obat terbilang cukup lengkap mulai dari obat resep obat bebas vitamin hingga kebutuhan kesehatan sehari hari proses pelayanan juga relatif cepat dan tertib sehingga tidak memakan waktu lama meskipun sedang ada beberapa pelanggan secara keseluruhan apotek k24 jl dr sutomo adalah apotek yang praktis terpercaya dan layak menjadi pilihan utama untuk memenuhi kebutuhan obat dan kesehatan khususnya dalam kondisi darurat atau di luar jam kerja apotek pada umumnya,apotek k24 jl dari sutomo merupakan salah satu apotek yang sangat membantu terutama karena operasionalnya jam sehingga bisa diandalkan kapan pun dibutuhkan baik siang maupun malam hari lokasinya strategis dan mudah ditemukan dengan area apotek yang bersih rapi serta tertata dengan baik sehingga pengunjung merasa nyaman saat berbelanja dari sisi pelayanan staf apotek tergolong ramah dan cukup responsif petugas melayani dengan sopan membantu mencarikan obat dengan cepat serta memberikan penjelasan yang jelas terkait aturan pakai dosis dan alternatif obat jika stok yang dicari sedang kosong hal ini sangat membantu terutama bagi pelanggan yang membutuhkan edukasi singkat mengenai obat yang dikonsumsi ketersediaan obat terbilang cukup lengkap mulai dari obat resep obat bebas vitamin hingga kebutuhan kesehatan sehari hari proses pelayanan juga relatif cepat dan tertib sehingga tidak memakan waktu lama meskipun sedang ada beberapa pelanggan secara keseluruhan apotek k24 jl dari sutomo adalah apotek yang praktis terpercaya dan layak menjadi pilihan utama untuk memenuhi kebutuhan obat dan kesehatan khususnya dalam kondisi darurat atau di luar jam kerja apotek pada umumnya,apotek k24 jl sutomo merupakan salah satu apotek membantu terutama operasionalnya jam sehingga diandalkan kapan dibutuhkan baik siang maupun malam hari lokasinya strategis mudah ditemukan area apotek bersih rapi serta tertata baik sehingga pengunjung merasa nyaman berbelanja sisi pelayanan staf apotek tergolong ramah cukup responsif petugas melayani sopan membantu mencarikan obat cepat serta memberikan penjelasan jelas terkait aturan pakai dosis alternatif obat stok dicari sedang kosong hal membantu terutama bagi pelanggan membutuhkan edukasi singkat mengenai obat dikonsumsi ketersediaan obat terbilang cukup lengkap mulai obat resep obat bebas vitamin hingga kebutuhan kesehatan sehari hari proses pelayanan relatif cepat tertib sehingga memakan waktu lama meskipun sedang beberapa pelanggan secara keseluruhan apotek k24 jl sutomo apotek praktis terpercaya layak menjadi pilihan utama memenuhi kebutuhan obat kesehatan khususnya kondisi darurat luar jam kerja apotek umumnya,Pelayanan,Positif,0.9801
Kesehatan,Apotek & Farmasi,Apotek K-24 Dr Sutomo Gresik,4.3,67,Rizki Ananda,2,2025-12-17T14:15:12.217Z,Rating dua karena sudah kecewa dua kali ke apotek ini tiap darurat malam hari tapi pelayanannya kurang. Ga tau kenapa pelayanan dari staff malam hari selalu keburu buru dan ga kasih info spesifik soal obatnya. Dan kenapa ya kak tiap pembayaran qris hrus minimalnya berubah rubah? Awal pertama pake qris minimal 10 ribu sekarang minimal 20 ribu? Saya ga tau kenapa ada minimal pembelian itu selalu berubah-rubah sehingga niat bayar pakai qris supaya uang terpakai secukupnya dan ga perlu ribet kembalian malah harus ditambah dengan beli barang yang lain supaya kena minimal transaksi.,rating dua karena sudah kecewa dua kali ke apotek ini tiap darurat malam hari tapi pelayanannya kurang ga tau kenapa pelayanan dari staff malam hari selalu keburu buru dan ga kasih info spesifik soal obatnya dan kenapa ya kak tiap pembayaran qris hrus minimalnya berubah rubah awal pertama pake qris minimal ribu sekarang minimal ribu saya ga tau kenapa ada minimal pembelian itu selalu berubah rubah sehingga niat bayar pakai qris supaya uang terpakai secukupnya dan ga perlu ribet kembalian malah harus ditambah dengan beli barang yang lain supaya kena minimal transaksi,rating dua karena sudah kecewa dua kali ke apotek ini tiap darurat malam hari tapi pelayanannya kurang tidak tau kenapa pelayanan dari staff malam hari selalu keburu buru dan tidak kasih info spesifik soal obatnya dan kenapa ya kak tiap pembayaran qris hrus minimalnya berubah rubah awal pertama pake qris minimal ribu sekarang minimal ribu saya tidak tau kenapa ada minimal pembelian itu selalu berubah rubah sehingga niat bayar pakai qris supaya uang terpakai secukupnya dan tidak perlu ribet kembalian malah harus ditambah dengan beli barang yang lain supaya kena minimal transaksi,rating dua kecewa dua kali apotek tiap darurat malam hari pelayanannya kurang tau kenapa pelayanan staff malam hari selalu keburu buru kasih info spesifik soal obatnya kenapa ya kak tiap pembayaran qris hrus minimalnya berubah rubah awal pertama pake qris minimal ribu sekarang minimal ribu tau kenapa minimal pembelian selalu berubah rubah sehingga niat bayar pakai qris supaya uang terpakai secukupnya perlu ribet kembalian malah harus ditambah beli barang lain supaya kena minimal transaksi,Pelayanan,Negatif,0.9467
Kesehatan,Apotek & Farmasi,Apotek K-24 Dr Sutomo Gresik,4.3,67,Nurul fadilah asky,5,2025-10-28T10:11:23.208Z,"Obatnya lengkap, pelayananya juga ramah, bisa delivery obat juga, recomended pokoknya",obatnya lengkap pelayananya juga ramah bisa delivery obat juga recomended pokoknya,obatnya lengkap pelayananya juga ramah bisa delivery obat juga recomended pokoknya,obatnya lengkap pelayananya ramah delivery obat recomended pokoknya,Pelayanan,Positif,0.9977
Kesehatan,Apotek & Farmasi,Apotek K-24 Dr Sutomo Gresik,4.3,67,POIN AGUS PANGESTU,5,2025-10-15T15:39:39.224Z,Pelayanan baik sesuai standar,pelayanan baik sesuai standar,pelayanan baik sesuai standar,pelayanan baik sesuai standar,Pelayanan,Positif,0.9891
Kesehatan,Apotek & Farmasi,Apotek K-24 Dr Sutomo Gresik,4.3,67,Musdalifah Spd,5,2025-08-30T06:31:52.300Z,"langganan, pelayanan ramah dan sat set",langganan pelayanan ramah dan sat set,langganan pelayanan ramah dan sat set,langganan pelayanan ramah sat set,Pelayanan,Positif,0.9633
Kesehatan,Apotek & Farmasi,Apotek K-24 Dr Sutomo Gresik,4.3,67,Rijal Sudrajad,1,2025-03-13T20:25:50.415Z,"Karyawan yang jaga malam kalau nggak niat kerja mending resign aja. Gila attitude-nya nggak ada nyenengin atau sopan-sopannya. Bahkan cenderung kasar selama pelayanan.  Udah coba merendah dan bilang terima kasih (sampai 2 kali, yang pertama nggak digubris) sebelum pergi juga cuman disewotin doang.  Gokil dikira apotek cuman di sini doang? Masih banyak tempat lain! Bisa-bisanya pelanggan lebih ramah dari penjual.",karyawan yang jaga malam kalau nggak niat kerja mending resign aja gila attitude nya nggak ada nyenengin atau sopan sopannya bahkan cenderung kasar selama pelayanan udah coba merendah dan bilang terima kasih sampai kali yang pertama nggak digubris sebelum pergi juga cuman disewotin doang gokil dikira apotek cuman di sini doang masih banyak tempat lain bisa bisanya pelanggan lebih ramah dari penjual,karyawan yang jaga malam kalau tidak niat kerja mending resign aja gila attitude nya tidak ada nyenengin atau sopan sopannya bahkan cenderung kasar selama pelayanan udah coba merendah dan bilang terima kasih sampai kali yang pertama tidak digubris sebelum pergi juga cuman disewotin doang gokil dikira apotek cuman di sini doang masih banyak tempat lain bisa bisanya pelanggan lebih ramah dari penjual,karyawan jaga malam niat kerja mending resign aja gila attitude nyenengin sopan sopannya bahkan cenderung kasar selama pelayanan udah coba merendah bilang terima kasih sampai kali pertama digubris pergi cuman disewotin doang gokil dikira apotek cuman sini doang banyak tempat lain bisanya pelanggan ramah penjual,Pelayanan,Negatif,0.9876
Kesehatan,Apotek & Farmasi,Apotek K-24 Dr Sutomo Gresik,4.3,67,Leo Zidge,1,2024-12-21T11:55:33.458Z,Pelayanan buruk,pelayanan buruk,pelayanan buruk,pelayanan buruk,Pelayanan,Negatif,0.998
Kesehatan,Apotek & Farmasi,Apotek K-24 Dr Sutomo Gresik,4.3,67,Riza Aurora,5,2024-10-26T07:28:49.734Z,"Apotik K-24 letaknya sangat strategis dekat dengan tempat kerja saya, tidak hanya obat saja yg dijual kebutuhan bayi seperti popok & susu bayi juga ada, tempatnya nyaman, apotekernya juga ramah dan edukatif. suka banget deh dengan Apotik K-24 Dr Sutomo  Apotik K-24 Dr Sutomo Jaya.. jaya.. jaya.. 🥰",apotik k letaknya sangat strategis dekat dengan tempat kerja saya tidak hanya obat saja yg dijual kebutuhan bayi seperti popok susu bayi juga ada tempatnya nyaman apotekernya juga ramah dan edukatif suka banget deh dengan apotik k dr sutomo apotik k dr sutomo jaya jaya jaya,apotik k letaknya sangat strategis dekat dengan tempat kerja saya tidak hanya obat saja yang dijual kebutuhan bayi seperti popok susu bayi juga ada tempatnya nyaman apotekernya juga ramah dan edukatif suka banget deh dengan apotik k dari sutomo apotik k dari sutomo jaya jaya jaya,apotik letaknya strategis dekat tempat kerja hanya obat saja dijual kebutuhan bayi seperti popok susu bayi tempatnya nyaman apotekernya ramah edukatif suka banget apotik sutomo apotik sutomo jaya jaya jaya,Pelayanan,Positif,0.9967
Kesehatan,Apotek & Farmasi,Apotek K-24 Dr Sutomo Gresik,4.3,67,Diah novita Sari,5,2024-10-25T10:35:23.875Z,"Apotik K-24 di dr Soetomo..tempat nya nyaman banget bersih.apalgi para apoteker nya juga ramah""dan enak banget diajak bicara waktu kita tanya tentang obat'  Dan sangat lengkap juga obat disana. Selain obat apotik K-24 juga menyediakan tensi  dan harganya juga terjangkau sekali.pelayanan nya juga 24jam jadi kita GK bingung beli obat dimna kalau lagi mendesak. Sukses selalu apotik K-24 semoga makin jaya selalu makin berkembang pesat dan tetep menjadi apotik nomer 1 di Indonesia ❤️❤️",apotik k di dr soetomo tempat nya nyaman banget bersih apalgi para apoteker nya juga ramah dan enak banget diajak bicara waktu kita tanya tentang obat dan sangat lengkap juga obat disana selain obat apotik k juga menyediakan tensi dan harganya juga terjangkau sekali pelayanan nya juga 24jam jadi kita gk bingung beli obat dimna kalau lagi mendesak sukses selalu apotik k semoga makin jaya selalu makin berkembang pesat dan tetep menjadi apotik nomer di indonesia,apotik k di dari soetomo tempat nya nyaman banget bersih apalgi para apoteker nya juga ramah dan enak banget diajak bicara waktu kita tanya tentang obat dan sangat lengkap juga obat disana selain obat apotik k juga menyediakan tensi dan harganya juga terjangkau sekali pelayanan nya juga 24jam jadi kita tidak bingung beli obat dimna kalau lagi mendesak sukses selalu apotik k semoga makin jaya selalu makin berkembang pesat dan tetep menjadi apotik nomer di indonesia,apotik soetomo tempat nyaman banget bersih apalgi para apoteker ramah enak banget diajak bicara waktu tanya tentang obat lengkap obat disana selain obat apotik menyediakan tensi harganya terjangkau pelayanan 24jam jadi bingung beli obat dimna mendesak sukses selalu apotik semoga makin jaya selalu makin berkembang pesat tetep menjadi apotik nomer indonesia,Pelayanan,Positif,0.9933
Kesehatan,Apotek & Farmasi,Apotek K-24 Dr Sutomo Gresik,4.3,67,wahyu latifie mahardika,5,2024-10-25T09:41:26.431Z,"Ulasan tentang Apotik K24 Gresik Sutomo, Ijinkan kami mengulas Apotik ini dari beberapa Hal  1.	Keamanan / Perlindungan Konsumen, Pembelian Obat di Apotik ini yang wajib menggunakan resep Dokter, wajib melampirkan resepnya, tidak seperti di Apotik sebelah yang Bebas melakukan Penjualan Obatnya, ini malah menjadikan Nilai Lebih Apotik ini dalam Upaya memberikan Perlindungan dan keamanan Konsumen seperti di amanatkan Undang Undang. Good Job. 2.	Kebersihan dan Kenyamanan juga menjadi nilai lebih Apotik ini, Pegawai Ramah Konsultif, Pilihan pembayaran tidak cuma cash saja, Rungan Ber AC dan ada juga Ukur Tinggi dan Timbang Berat Badan Gratis Lho. Kalau mau Tensi Darah cukup ngeluarin biaya Rp.5000 saja. Suiiip 3.	Harga Obat Bersaing,  memang ada jg Apotik lain menjual Obatnya lebih murah sedikit daripada k24 Gresik Sutomo, Tapi Jaminan Keaslian Obat yang di jual menjadikan Kosnumen Merasa Lebih Tenang. Mahal Sedikit tapi Asli lebih worth it daripada lebih murah tetapi ada keraguan terhadap obat yang dibeli. Kereeeen. 4.	Ada Pengalaman Menarik membeli Obat Proc**d di Apotik ini seharga Rp.4.500 / pcs, waktu itu di Akhir September 2024 oleh Mbak Pegawainya di wajibkan membeli minimal 2 pcs. Tapi di Bulan Oktober kemarin, Oleh Mbak Pegawai yang lain ternyata boleh membeli cuman 1 pcs. Gpp sih, mgkn sedikit misskomunikasi saja. 5.	Kami Salut dengan usaha yang di jalankan k24 Gresik Sutomo, Kontribusi ke Lingkungan sekitar K24 sangat Bagus, Bisnis tetap jalan tapi misi Sosial sangat di perhatikan, Sebagai Ketua Lingkungan Sekitar K24 Gresik Sutomo, kami ucapkan terima kasih. Overall, kereeen dan Menyalaaa Apotik K24 Gresik Sutomo, Sehat Selalu Pak Budi dan seluruh Staff K24. 5 / 5",ulasan tentang apotik k24 gresik sutomo ijinkan kami mengulas apotik ini dari beberapa hal keamanan perlindungan konsumen pembelian obat di apotik ini yang wajib menggunakan resep dokter wajib melampirkan resepnya tidak seperti di apotik sebelah yang bebas melakukan penjualan obatnya ini malah menjadikan nilai lebih apotik ini dalam upaya memberikan perlindungan dan keamanan konsumen seperti di amanatkan undang undang good job kebersihan dan kenyamanan juga menjadi nilai lebih apotik ini pegawai ramah konsultif pilihan pembayaran tidak cuma cash saja rungan ber ac dan ada juga ukur tinggi dan timbang berat badan gratis lho kalau mau tensi darah cukup ngeluarin biaya rp saja suiiip harga obat bersaing memang ada jg apotik lain menjual obatnya lebih murah sedikit daripada k24 gresik sutomo tapi jaminan keaslian obat yang di jual menjadikan kosnumen merasa lebih tenang mahal sedikit tapi asli lebih worth it daripada lebih murah tetapi ada keraguan terhadap obat yang dibeli kereeeen ada pengalaman menarik membeli obat proc d di apotik ini seharga rp pcs waktu itu di akhir september oleh mbak pegawainya di wajibkan membeli minimal pcs tapi di bulan oktober kemarin oleh mbak pegawai yang lain ternyata boleh membeli cuman pcs gpp sih mgkn sedikit misskomunikasi saja kami salut dengan usaha yang di jalankan k24 gresik sutomo kontribusi ke lingkungan sekitar k24 sangat bagus bisnis tetap jalan tapi misi sosial sangat di perhatikan sebagai ketua lingkungan sekitar k24 gresik sutomo kami ucapkan terima kasih overall kereeen dan menyalaaa apotik k24 gresik sutomo sehat selalu pak budi dan seluruh staff k24,ulasan tentang apotik k24 gresik sutomo ijinkan kami mengulas apotik ini dari beberapa hal keamanan perlindungan konsumen pembelian obat di apotik ini yang wajib menggunakan resep dokter wajib melampirkan resepnya tidak seperti di apotik sebelah yang bebas melakukan penjualan obatnya ini malah menjadikan nilai lebih apotik ini dalam upaya memberikan perlindungan dan keamanan konsumen seperti di amanatkan undang undang good job kebersihan dan kenyamanan juga menjadi nilai lebih apotik ini pegawai ramah konsultif pilihan pembayaran tidak cuma cash saja rungan ber ac dan ada juga ukur tinggi dan timbang berat badan gratis lho kalau mau tensi darah cukup ngeluarin biaya rp saja suiiip harga obat bersaing memang ada juga apotik lain menjual obatnya lebih murah sedikit daripada k24 gresik sutomo tapi jaminan keaslian obat yang di jual menjadikan kosnumen merasa lebih tenang mahal sedikit tapi asli lebih worth it daripada lebih murah tetapi ada keraguan terhadap obat yang dibeli kereeeen ada pengalaman menarik membeli obat proc d di apotik ini seharga rp pcs waktu itu di akhir september oleh mbak pegawainya di wajibkan membeli minimal pcs tapi di bulan oktober kemarin oleh mbak pegawai yang lain ternyata boleh membeli cuman pcs gpp sih mgkn sedikit misskomunikasi saja kami salut dengan usaha yang di jalankan k24 gresik sutomo kontribusi ke lingkungan sekitar k24 sangat bagus bisnis tetap jalan tapi misi sosial sangat di perhatikan sebagai ketua lingkungan sekitar k24 gresik sutomo kami ucapkan terima kasih overall kereeen dan menyalaaa apotik k24 gresik sutomo sehat selalu pak budi dan seluruh staff k24,ulasan tentang apotik k24 gresik sutomo ijinkan mengulas apotik beberapa hal keamanan perlindungan konsumen pembelian obat apotik wajib menggunakan resep dokter wajib melampirkan resepnya seperti apotik sebelah bebas melakukan penjualan obatnya malah menjadikan nilai apotik upaya memberikan perlindungan keamanan konsumen seperti amanatkan undang undang good job kebersihan kenyamanan menjadi nilai apotik pegawai ramah konsultif pilihan pembayaran cuma cash saja rungan ber ac ukur tinggi timbang berat badan gratis lho mau tensi darah cukup ngeluarin biaya rp saja suiiip harga obat bersaing memang apotik lain menjual obatnya murah sedikit daripada k24 gresik sutomo jaminan keaslian obat jual menjadikan kosnumen merasa tenang mahal sedikit asli worth it daripada murah keraguan terhadap obat dibeli kereeeen pengalaman menarik membeli obat proc apotik seharga rp pcs waktu akhir september mbak pegawainya wajibkan membeli minimal pcs bulan oktober kemarin mbak pegawai lain ternyata boleh membeli cuman pcs gpp mgkn sedikit misskomunikasi saja salut usaha jalankan k24 gresik sutomo kontribusi lingkungan sekitar k24 bagus bisnis tetap jalan misi sosial perhatikan sebagai ketua lingkungan sekitar k24 gresik sutomo ucapkan terima kasih overall kereeen menyalaaa apotik k24 gresik sutomo sehat selalu pak budi seluruh staff k24,Pelayanan,Positif,0.536
Kesehatan,Apotek & Farmasi,Apotek K-24 Dr Sutomo Gresik,4.3,67,17. Nisa nur Fitri Yuliani 4. YUNUS ANIS,5,2024-10-20T01:06:16.143Z,"Apotik K-24 , Belanja obat2 tan paling nyaman & Aman. Tidak hanya obat2 an yg lengkap, popok & susu bayi juga ada. Selain itu di lengkapi dg alat chek up yg lengkap . Dan juga pelayanan nya juga sangat ramah . Apotik K-24 Belanja Obat paling lengkap & nyaman 😘😘😘",apotik k belanja obat2 tan paling nyaman aman tidak hanya obat2 an yg lengkap popok susu bayi juga ada selain itu di lengkapi dg alat chek up yg lengkap dan juga pelayanan nya juga sangat ramah apotik k belanja obat paling lengkap nyaman,apotik k belanja obat2 tan paling nyaman aman tidak hanya obat2 an yang lengkap popok susu bayi juga ada selain itu di lengkapi dengan alat chek up yang lengkap dan juga pelayanan nya juga sangat ramah apotik k belanja obat paling lengkap nyaman,apotik belanja obat2 tan paling nyaman aman hanya obat2 an lengkap popok susu bayi selain lengkapi alat chek up lengkap pelayanan ramah apotik belanja obat paling lengkap nyaman,Pelayanan,Positif,0.9879
Kesehatan,Apotek & Farmasi,Apotek K-24 Dr Sutomo Gresik,4.3,67,Keisha Nabila,5,2024-10-17T14:17:55.226Z,"Apotek yg beda dari yg lain cz bukaa smpe 24 Jam, cocok banget pas butuh obat urgent,larinya ke K24.. Oke pake Puass dong",apotek yg beda dari yg lain cz bukaa smpe jam cocok banget pas butuh obat urgent larinya ke k24 oke pake puass dong,apotek yang beda dari yang lain cz bukaa smpe jam cocok banget pas butuh obat urgent larinya ke k24 oke pake puass dong,apotek beda lain cz bukaa smpe jam cocok banget pas butuh obat urgent larinya k24 oke pake puass,Kesehatan,Positif,0.9915
Kesehatan,Apotek & Farmasi,Apotek K-24 Dr Sutomo Gresik,4.3,67,Naurah Syakirah Maharani,5,2024-10-16T05:28:15.890Z,Semua obat ada. pelayanan juga sangat memuaskan karena apotekernya ramah2...kalau ada obat yg tidak ada pasti direkomendasikan dg yg lain.tempatnya jg stategis dan pstinya melayani kita 24 jam penuh.apalagi disaat si kecil tiba2 demam saat malam k24 la yg jadi andalan dikala persediaan obt dirumh hbs.terimakasih k24 semoga semakin jaya dan slalu memberikn yg terbaik untuk kita...,semua obat ada pelayanan juga sangat memuaskan karena apotekernya ramah2 kalau ada obat yg tidak ada pasti direkomendasikan dg yg lain tempatnya jg stategis dan pstinya melayani kita jam penuh apalagi disaat si kecil tiba2 demam saat malam k24 la yg jadi andalan dikala persediaan obt dirumh hbs terimakasih k24 semoga semakin jaya dan slalu memberikn yg terbaik untuk kita,semua obat ada pelayanan juga sangat memuaskan karena apotekernya ramah2 kalau ada obat yang tidak ada pasti direkomendasikan dengan yang lain tempatnya juga stategis dan pstinya melayani kita jam penuh apalagi disaat si kecil tiba2 demam saat malam k24 la yang jadi andalan dikala persediaan obt dirumh hbs terimakasih k24 semoga semakin jaya dan slalu memberikn yang terbaik untuk kita,semua obat pelayanan memuaskan apotekernya ramah2 obat pasti direkomendasikan lain tempatnya stategis pstinya melayani jam penuh apalagi disaat si kecil tiba2 demam malam k24 la jadi andalan dikala persediaan obt dirumh hbs terimakasih k24 semoga semakin jaya slalu memberikn terbaik,Pelayanan,Positif,0.9952
